<?xml version="1.0" encoding="UTF-8"?>
<LightningComponentBundle xmlns="http://soap.sforce.com/2006/04/metadata">
    <apiVersion>52.0</apiVersion>
    <isExposed>true</isExposed>
    <masterLabel>SignSquare</masterLabel>
    <targets>
        <target>lightningCommunity__Page</target>
        <target>lightningCommunity__Default</target>
        <target>lightning__RecordPage</target>
        <target>lightning__AppPage</target>
        <target>lightning__HomePage</target>
        <target>lightning__FlowScreen</target>
        <target>lightningStatic__Email</target>
        <target>lightning__RecordAction</target>
        <target>lightning__Inbox</target>
        <target>lightning__UtilityBar</target>
        
    </targets>
</LightningComponentBundle>